[
    {
        "class_id":1,
        "file_id":"bags_clutch_2",
        "img_ext":"jpg",
        "text_ext":"txt"
    },
    {
        "class_id":1,
        "file_id":"bags_clutch_3",
        "img_ext":"jpg",
        "text_ext":"txt"
    },
    {
        "class_id":1,
        "file_id":"bags_hobo_2",
        "img_ext":"jpg",
        "text_ext":"txt"
    },
    {
        "class_id":1,
        "file_id":"bags_hobo_3",
        "img_ext":"jpg",
        "text_ext":"txt"
    },
    {
        "class_id":1,
        "file_id":"bags_hobo_7",
        "img_ext":"jpg",
        "text_ext":"txt"
    },
    {
        "class_id":1,
        "file_id":"bags_clutch_4",
        "img_ext":"jpg",
        "text_ext":"txt"
    },
    {
        "class_id":1,
        "file_id":"bags_hobo_10",
        "img_ext":"jpg",
        "text_ext":"txt"
    },
    {
        "class_id":1,
        "file_id":"bags_hobo_6",
        "img_ext":"jpg",
        "text_ext":"txt"
    },
    {
        "class_id":1,
        "file_id":"bags_clutch_5",
        "img_ext":"jpg",
        "text_ext":"txt"
    },
    {
        "class_id":1,
        "file_id":"bags_hobo_4",
        "img_ext":"jpg",
        "text_ext":"txt"
    },
    {
        "class_id":1,
        "file_id":"bags_clutch_7",
        "img_ext":"jpg",
        "text_ext":"txt"
    },
    {
        "class_id":1,
        "file_id":"bags_clutch_8",
        "img_ext":"jpg",
        "text_ext":"txt"
    },
    {
        "class_id":1,
        "file_id":"bags_clutch_9",
        "img_ext":"jpg",
        "text_ext":"txt"
    },
    {
        "class_id":1,
        "file_id":"bags_hobo_5",
        "img_ext":"jpg",
        "text_ext":"txt"
    },
    {
        "class_id":1,
        "file_id":"bags_clutch_6",
        "img_ext":"jpg",
        "text_ext":"txt"
    },
    {
        "class_id":1,
        "file_id":"bags_clutch_10",
        "img_ext":"jpg",
        "text_ext":"txt"
    },
    {
        "class_id":1,
        "file_id":"bags_hobo_8",
        "img_ext":"jpg",
        "text_ext":"txt"
    },
    {
        "class_id":1,
        "file_id":"bags_hobo_9",
        "img_ext":"jpg",
        "text_ext":"txt"
    },
    {
        "class_id":2,
        "file_id":"womens_pumps_10",
        "img_ext":"jpg",
        "text_ext":"txt"
    },
    {
        "class_id":2,
        "file_id":"womens_flats_9",
        "img_ext":"jpg",
        "text_ext":"txt"
    },
    {
        "class_id":2,
        "file_id":"womens_flats_8",
        "img_ext":"jpg",
        "text_ext":"txt"
    },
    {
        "class_id":2,
        "file_id":"womens_pumps_8",
        "img_ext":"jpg",
        "text_ext":"txt"
    },
    {
        "class_id":2,
        "file_id":"womens_pumps_9",
        "img_ext":"jpg",
        "text_ext":"txt"
    },
    {
        "class_id":2,
        "file_id":"womens_flats_2",
        "img_ext":"jpg",
        "text_ext":"txt"
    },
    {
        "class_id":2,
        "file_id":"womens_flats_3",
        "img_ext":"jpg",
        "text_ext":"txt"
    },
    {
        "class_id":2,
        "file_id":"womens_pumps_3",
        "img_ext":"jpg",
        "text_ext":"txt"
    },
    {
        "class_id":2,
        "file_id":"womens_pumps_2",
        "img_ext":"jpg",
        "text_ext":"txt"
    },
    {
        "class_id":2,
        "file_id":"womens_flats_4",
        "img_ext":"jpg",
        "text_ext":"txt"
    },
    {
        "class_id":2,
        "file_id":"womens_pumps_6",
        "img_ext":"jpg",
        "text_ext":"txt"
    },
    {
        "class_id":2,
        "file_id":"womens_pumps_7",
        "img_ext":"jpg",
        "text_ext":"txt"
    },
    {
        "class_id":2,
        "file_id":"womens_flats_5",
        "img_ext":"jpg",
        "text_ext":"txt"
    },
    {
        "class_id":2,
        "file_id":"womens_flats_10",
        "img_ext":"jpg",
        "text_ext":"txt"
    },
    {
        "class_id":2,
        "file_id":"womens_flats_7",
        "img_ext":"jpg",
        "text_ext":"txt"
    },
    {
        "class_id":2,
        "file_id":"womens_pumps_5",
        "img_ext":"jpg",
        "text_ext":"txt"
    },
    {
        "class_id":2,
        "file_id":"womens_pumps_4",
        "img_ext":"jpg",
        "text_ext":"txt"
    },
    {
        "class_id":2,
        "file_id":"womens_flats_6",
        "img_ext":"jpg",
        "text_ext":"txt"
    }
]